RACK NO,MCM NO
A16801002,A16501864
A16801003,A16401721
A16801004,A16501855
A16801005,A16501771
A16801006,A16501756
A16801007,A16501866
A16801008,A16501768
A16801010,A16501826
A16801011,A16501853
A16801012,A16401708
A16801013,A16401722
A16801014,A16501857
A16801015,A16501789
A16801016,A16501773
A16801017,A16401712
A16801018,A16401440
A16801019,A16501792
A16801020,A16501820
A16801022,A16401677
A16801023,A16401709
A16801024,A16401429
A16801025,A16401687
A16801026,A16401437
A16801027,A16401671
A16801028,A16401707
A16801029,A16501828
A16801030,A16401433
A16801031,A16401428
A16801033,A16401698
A16801034,A16501770
A16801035,A16501858
A16801036,A16501807
A16801037,A16501777
A16801038,A16401435
A16801039,A16401714
A16801040,A16501878
A16801041,A16501852
A16801083,A16401676
A16801084,A16501862
A16801085,A16501814
A16801086,A16401689
A16801087,A16501823
A16801088,A16401699
A16801089,A16401719
A16801090,A16501848
A16801091,A16401419
A16801092,A16501859
A16801093,A16501861
A16801094,A16401434
A16801095,A16501769
A16801096,A16501805
A16801097,A16401672
A16801099,A16401703
A16801100,A16501808
A16801101,A16501776
A16801102,A16501860
A16801103,A16501851
A16801104,A16401706
A16801105,A16401702
A16801106,A16401720
A16801107,A16501774
A16801108,A16401691
A16801109,A16401690
A16801110,A16401651
A16801111,A16401700
A16801112,A16401692
A16801113,A16401665
A16801114,A16501793
A16801115,A16501778
A16801116,A16501780
A16801117,A16501779
A16801118,A16401438
A16801119,A16401685
A16801120,A16401431
A16801121,A16501775
A16801122,A16401432
A16801123,A16401696
A16801124,A16401710
A16801125,A16501753
A16801126,A16501755
A16801127,A16401688
A16801128,A16501754
A16801129,A16501809
A16801130,A16401423
A16801131,A16401681
A16801132,A16501751
A16801133,A16501752
A16801134,A16401680
A16801135,A16501758
A16801136,A16501854
A16801138,A16401715
A16801139,A16501839
A16801140,A16501830
A16801141,A16501856
